plot,subplot,product,rainfall,L1,L2,L3,L4,L5,total,sqrt_total,total_L3_L5,sqrt_L3_L5
2,E,control,high,2,4,0,1,0,7,2.74,1,1.22
5,B,control,high,0,1,1,4,0,6,2.55,5,2.35
8,F,control,high,0,0,4,2,0,6,2.55,6,2.55
11,F,control,high,0,0,4,0,0,4,2.12,4,2.12
14,A,control,high,0,1,3,0,0,4,2.12,3,1.87
16,D,control,high,0,0,0,1,2,3,1.87,3,1.87
19,E,control,high,1,0,1,2,1,5,2.35,4,2.12
23,F,control,high,0,0,1,3,1,5,2.35,5,2.35
1,E,control,medium,1,0,2,1,0,4,2.12,3,1.87
4,F,control,medium,0,1,2,3,0,6,2.55,5,2.35
9,B,control,medium,1,0,4,8,1,14,3.81,13,3.67
12,C,control,medium,0,4,6,7,0,17,4.18,13,3.67
15,F,control,medium,3,1,2,2,0,8,2.92,4,2.12
18,D,control,medium,1,3,6,5,0,15,3.94,11,3.39
20,B,control,medium,0,0,2,2,0,4,2.12,4,2.12
22,A,control,medium,1,2,0,0,0,3,1.87,0,0.71
3,A,control,none,0,5,3,0,0,8,2.92,3,1.87
6,D,control,none,0,1,4,6,1,12,3.54,11,3.39
7,D,control,none,0,1,5,8,1,15,3.94,14,3.81
10,A,control,none,0,0,1,1,1,3,1.87,3,1.87
13,B,control,none,0,1,0,0,0,1,1.22,0,0.71
17,E,control,none,0,0,1,2,1,4,2.12,4,2.12
21,A,control,none,1,0,1,1,0,3,1.87,2,1.58
24,A,control,none,2,1,4,4,5,16,4.06,13,3.67
2,C,cyantraniliprole,high,1,5,6,10,0,22,4.74,16,4.06
5,A,cyantraniliprole,high,0,0,1,0,0,1,1.22,1,1.22
8,C,cyantraniliprole,high,0,1,0,0,0,1,1.22,0,0.71
11,B,cyantraniliprole,high,0,0,0,0,0,0,0.71,0,0.71
14,D,cyantraniliprole,high,3,1,4,1,0,9,3.08,5,2.35
16,B,cyantraniliprole,high,0,1,2,0,0,3,1.87,2,1.58
19,B,cyantraniliprole,high,1,0,1,2,0,4,2.12,3,1.87
23,B,cyantraniliprole,high,2,1,2,0,0,5,2.35,2,1.58
1,D,cyantraniliprole,medium,0,1,2,4,0,7,2.74,6,2.55
4,D,cyantraniliprole,medium,1,2,6,5,2,16,4.06,13,3.67
9,A,cyantraniliprole,medium,0,4,7,8,3,22,4.74,18,4.3
12,B,cyantraniliprole,medium,0,1,0,3,0,4,2.12,3,1.87
15,C,cyantraniliprole,medium,0,0,1,0,0,1,1.22,1,1.22
18,F,cyantraniliprole,medium,0,0,0,0,0,0,0.71,0,0.71
20,D,cyantraniliprole,medium,1,0,0,2,1,4,2.12,3,1.87
22,C,cyantraniliprole,medium,1,0,0,0,0,1,1.22,0,0.71
3,C,cyantraniliprole,none,0,0,1,5,2,8,2.92,8,2.92
6,F,cyantraniliprole,none,2,0,1,0,0,3,1.87,1,1.22
7,B,cyantraniliprole,none,0,0,0,0,0,0,0.71,0,0.71
10,F,cyantraniliprole,none,0,0,0,0,0,0,0.71,0,0.71
13,F,cyantraniliprole,none,0,0,0,0,0,0,0.71,0,0.71
17,F,cyantraniliprole,none,0,1,1,0,0,2,1.58,1,1.22
21,C,cyantraniliprole,none,0,0,0,0,0,0,0.71,0,0.71
24,F,cyantraniliprole,none,0,0,1,0,0,1,1.22,1,1.22
2,A,novaluron,high,1,2,6,6,0,15,3.94,12,3.54
5,C,novaluron,high,0,1,2,0,0,3,1.87,2,1.58
8,A,novaluron,high,0,1,2,1,1,5,2.35,4,2.12
11,D,novaluron,high,0,0,3,2,0,5,2.35,5,2.35
14,B,novaluron,high,6,4,1,1,0,12,3.54,2,1.58
16,C,novaluron,high,1,1,2,1,0,5,2.35,3,1.87
19,C,novaluron,high,4,3,2,3,0,12,3.54,5,2.35
23,C,novaluron,high,0,0,1,0,0,1,1.22,1,1.22
1,B,novaluron,medium,1,0,7,6,0,14,3.81,13,3.67
4,C,novaluron,medium,0,0,5,6,1,12,3.54,12,3.54
9,F,novaluron,medium,3,8,10,9,4,34,5.87,23,4.85
12,F,novaluron,medium,0,0,0,1,0,1,1.22,1,1.22
15,D,novaluron,medium,0,0,0,0,0,0,0.71,0,0.71
18,E,novaluron,medium,0,1,3,0,0,4,2.12,3,1.87
20,F,novaluron,medium,0,0,0,0,0,0,0.71,0,0.71
22,D,novaluron,medium,0,2,6,1,1,10,3.24,8,2.92
3,D,novaluron,none,0,2,5,0,1,8,2.92,6,2.55
6,C,novaluron,none,0,6,1,0,0,7,2.74,1,1.22
7,F,novaluron,none,0,2,3,0,0,5,2.35,3,1.87
10,E,novaluron,none,0,0,1,0,0,1,1.22,1,1.22
13,C,novaluron,none,0,0,2,0,0,2,1.58,2,1.58
17,D,novaluron,none,0,0,0,0,0,0,0.71,0,0.71
21,D,novaluron,none,0,1,3,0,0,4,2.12,3,1.87
24,C,novaluron,none,2,0,0,0,0,2,1.58,0,0.71
2,D,isocycloseram,high,0,3,7,11,1,22,4.74,19,4.42
5,E,isocycloseram,high,0,0,1,1,1,3,1.87,3,1.87
8,D,isocycloseram,high,0,2,4,2,0,8,2.92,6,2.55
11,E,isocycloseram,high,0,2,0,0,1,3,1.87,1,1.22
14,F,isocycloseram,high,0,2,0,1,0,3,1.87,1,1.22
16,E,isocycloseram,high,0,1,1,2,1,5,2.35,4,2.12
19,D,isocycloseram,high,2,1,1,0,0,4,2.12,1,1.22
23,A,isocycloseram,high,1,2,2,2,0,7,2.74,4,2.12
1,F,isocycloseram,medium,0,0,3,0,0,3,1.87,3,1.87
4,A,isocycloseram,medium,0,1,1,2,1,5,2.35,4,2.12
9,E,isocycloseram,medium,0,0,5,8,3,16,4.06,16,4.06
12,E,isocycloseram,medium,0,0,1,1,0,2,1.58,2,1.58
15,B,isocycloseram,medium,0,0,2,3,0,5,2.35,5,2.35
18,A,isocycloseram,medium,0,0,1,1,0,2,1.58,2,1.58
20,C,isocycloseram,medium,0,0,0,0,0,0,0.71,0,0.71
22,B,isocycloseram,medium,0,0,1,0,0,1,1.22,1,1.22
3,E,isocycloseram,none,1,1,2,0,1,5,2.35,3,1.87
6,B,isocycloseram,none,0,4,5,0,0,9,3.08,5,2.35
7,A,isocycloseram,none,0,2,1,1,1,5,2.35,3,1.87
10,C,isocycloseram,none,0,0,1,0,0,1,1.22,1,1.22
13,A,isocycloseram,none,0,1,2,1,0,4,2.12,3,1.87
17,C,isocycloseram,none,1,0,2,0,0,3,1.87,2,1.58
21,E,isocycloseram,none,0,1,1,0,0,2,1.58,1,1.22
24,E,isocycloseram,none,1,0,0,0,0,1,1.22,0,0.71
2,B,spinosad,high,0,0,1,4,0,5,2.35,5,2.35
5,F,spinosad,high,0,1,1,0,0,2,1.58,1,1.22
8,B,spinosad,high,0,0,4,4,2,10,3.24,10,3.24
11,A,spinosad,high,1,0,0,2,0,3,1.87,2,1.58
14,E,spinosad,high,3,2,5,0,0,10,3.24,5,2.35
16,F,spinosad,high,0,1,0,2,0,3,1.87,2,1.58
19,F,spinosad,high,2,1,2,6,0,11,3.39,8,2.92
23,D,spinosad,high,0,3,2,3,0,8,2.92,5,2.35
1,A,spinosad,medium,1,4,14,13,3,35,5.96,30,5.52
4,E,spinosad,medium,1,1,8,8,2,20,4.53,18,4.3
9,D,spinosad,medium,0,5,9,11,8,33,5.79,28,5.34
12,A,spinosad,medium,0,1,1,0,0,2,1.58,1,1.22
15,E,spinosad,medium,2,1,5,1,0,9,3.08,6,2.55
18,C,spinosad,medium,0,0,1,0,0,1,1.22,1,1.22
20,A,spinosad,medium,0,2,2,2,0,6,2.55,4,2.12
22,F,spinosad,medium,0,0,3,0,0,3,1.87,3,1.87
3,B,spinosad,none,0,2,12,6,0,20,4.53,18,4.3
6,A,spinosad,none,0,1,3,1,0,5,2.35,4,2.12
7,E,spinosad,none,0,0,1,0,0,1,1.22,1,1.22
10,D,spinosad,none,0,0,2,0,0,2,1.58,2,1.58
13,D,spinosad,none,0,0,0,0,0,0,0.71,0,0.71
17,A,spinosad,none,0,1,0,1,0,2,1.58,1,1.22
21,F,spinosad,none,0,1,0,0,0,1,1.22,0,0.71
24,D,spinosad,none,6,0,0,0,1,7,2.74,1,1.22
2,F,tetraniliprole,high,0,2,1,2,1,6,2.55,4,2.12
5,D,tetraniliprole,high,0,0,0,1,0,1,1.22,1,1.22
8,E,tetraniliprole,high,0,0,1,0,0,1,1.22,1,1.22
11,C,tetraniliprole,high,0,0,1,3,0,4,2.12,4,2.12
14,C,tetraniliprole,high,5,2,1,1,0,9,3.08,2,1.58
16,A,tetraniliprole,high,4,1,1,0,0,6,2.55,1,1.22
19,A,tetraniliprole,high,1,0,2,1,0,4,2.12,3,1.87
23,E,tetraniliprole,high,0,1,3,2,0,6,2.55,5,2.35
1,C,tetraniliprole,medium,0,0,3,9,0,12,3.54,12,3.54
4,B,tetraniliprole,medium,0,1,2,1,0,4,2.12,3,1.87
9,C,tetraniliprole,medium,0,1,6,2,0,9,3.08,8,2.92
12,D,tetraniliprole,medium,0,1,0,0,0,1,1.22,0,0.71
15,A,tetraniliprole,medium,0,0,1,1,0,2,1.58,2,1.58
18,B,tetraniliprole,medium,0,0,0,0,0,0,0.71,0,0.71
20,E,tetraniliprole,medium,0,0,3,0,0,3,1.87,3,1.87
22,E,tetraniliprole,medium,0,1,2,1,1,5,2.35,4,2.12
3,F,tetraniliprole,none,1,5,5,5,2,18,4.3,12,3.54
6,E,tetraniliprole,none,0,0,1,0,0,1,1.22,1,1.22
7,C,tetraniliprole,none,0,0,0,1,0,1,1.22,1,1.22
10,B,tetraniliprole,none,0,2,3,0,0,5,2.35,3,1.87
13,E,tetraniliprole,none,1,0,2,0,0,3,1.87,2,1.58
17,B,tetraniliprole,none,1,0,0,0,0,1,1.22,0,0.71
21,B,tetraniliprole,none,0,0,4,0,0,4,2.12,4,2.12
24,B,tetraniliprole,none,5,8,1,0,0,14,3.81,1,1.22
