plot,subplot,treatment,product,rainfall,L1,L2,L3,L4,L5,total,sqrt_total,total_L3_L5,sqrt_L3_L5,Koc
1,B,1,control,none,0,0,0,4,12,16,4.062,16,4.062,0
3,F,1,control,none,0,0,0,1,4,5,2.345,5,2.345,0
4,E,1,control,none,0,0,1,1,3,5,2.345,5,2.345,0
5,C,1,control,none,1,0,0,1,1,3,1.871,2,1.581,0
8,B,1,control,none,0,0,0,0,8,8,2.915,8,2.915,0
15,C,1,control,none,0,0,0,0,3,3,1.871,3,1.871,0
9,D,2,control,medium,2,0,0,0,0,2,1.581,0,0.707,0
10,F,2,control,medium,0,0,4,7,4,15,3.937,15,3.937,0
12,F,2,control,medium,0,0,2,8,23,33,5.788,33,5.788,0
13,B,2,control,medium,0,1,0,0,4,5,2.345,4,2.121,0
17,B,2,control,medium,0,0,0,0,0,0,0.707,0,0.707,0
18,C,2,control,medium,0,0,0,0,0,0,0.707,0,0.707,0
20,F,2,control,medium,0,0,0,3,4,7,2.739,7,2.739,0
23,A,2,control,medium,0,0,0,0,2,2,1.581,2,1.581,0
2,C,3,control,high,0,0,1,3,4,8,2.915,8,2.915,0
7,A,3,control,high,0,0,1,1,5,7,2.739,7,2.739,0
11,A,3,control,high,0,0,0,0,1,1,1.225,1,1.225,0
14,A,3,control,high,0,0,0,1,0,1,1.225,1,1.225,0
16,F,3,control,high,0,1,1,4,10,16,4.062,15,3.937,0
19,E,3,control,high,0,0,1,1,2,4,2.121,4,2.121,0
21,C,3,control,high,0,0,0,2,1,3,1.871,3,1.871,0
24,E,3,control,high,1,0,0,4,1,6,2.55,5,2.345,0
1,F,4,cyantraniliprole,none,0,0,0,0,0,0,0.707,0,0.707,241
3,C,4,cyantraniliprole,none,0,0,0,0,0,0,0.707,0,0.707,241
4,B,4,cyantraniliprole,none,0,0,1,1,0,2,1.581,2,1.581,241
5,D,4,cyantraniliprole,none,0,0,0,1,1,2,1.581,2,1.581,241
8,E,4,cyantraniliprole,none,0,0,0,0,0,0,0.707,0,0.707,241
15,D,4,cyantraniliprole,none,0,0,0,1,1,2,1.581,2,1.581,241
9,E,5,cyantraniliprole,medium,0,1,0,2,1,4,2.121,3,1.871,241
10,E,5,cyantraniliprole,medium,0,0,1,1,5,7,2.739,7,2.739,241
12,B,5,cyantraniliprole,medium,0,0,1,0,1,2,1.581,2,1.581,241
13,F,5,cyantraniliprole,medium,0,0,0,1,0,1,1.225,1,1.225,241
17,A,5,cyantraniliprole,medium,0,0,4,0,0,4,2.121,4,2.121,241
18,F,5,cyantraniliprole,medium,0,0,0,1,1,2,1.581,2,1.581,241
20,C,5,cyantraniliprole,medium,0,0,0,3,4,7,2.739,7,2.739,241
23,D,5,cyantraniliprole,medium,0,0,0,2,2,4,2.121,4,2.121,241
2,B,6,cyantraniliprole,high,1,0,0,0,1,2,1.581,1,1.225,241
7,C,6,cyantraniliprole,high,3,0,1,0,0,4,2.121,1,1.225,241
11,D,6,cyantraniliprole,high,0,0,1,4,5,10,3.24,10,3.24,241
14,E,6,cyantraniliprole,high,0,0,1,3,3,7,2.739,7,2.739,241
16,B,6,cyantraniliprole,high,1,0,1,1,1,4,2.121,3,1.871,241
19,C,6,cyantraniliprole,high,2,0,0,5,3,10,3.24,8,2.915,241
21,D,6,cyantraniliprole,high,0,0,0,1,1,2,1.581,2,1.581,241
24,A,6,cyantraniliprole,high,0,0,1,2,0,3,1.871,3,1.871,241
1,A,7,spinosad,none,1,0,0,0,0,1,1.225,0,0.707,1250
3,B,7,spinosad,none,0,0,0,0,0,0,0.707,0,0.707,1250
4,D,7,spinosad,none,0,0,0,0,0,0,0.707,0,0.707,1250
5,A,7,spinosad,none,0,0,0,0,0,0,0.707,0,0.707,1250
8,F,7,spinosad,none,0,0,0,0,0,0,0.707,0,0.707,1250
15,F,7,spinosad,none,0,0,0,0,0,0,0.707,0,0.707,1250
9,C,8,spinosad,medium,0,0,0,0,0,0,0.707,0,0.707,1250
10,B,8,spinosad,medium,0,0,0,0,0,0,0.707,0,0.707,1250
12,A,8,spinosad,medium,0,0,0,0,0,0,0.707,0,0.707,1250
13,D,8,spinosad,medium,0,0,0,0,0,0,0.707,0,0.707,1250
17,C,8,spinosad,medium,0,0,0,0,0,0,0.707,0,0.707,1250
18,B,8,spinosad,medium,0,0,0,0,0,0,0.707,0,0.707,1250
20,E,8,spinosad,medium,1,1,1,0,0,3,1.871,1,1.225,1250
23,E,8,spinosad,medium,0,0,0,0,0,0,0.707,0,0.707,1250
2,F,9,spinosad,high,0,0,0,0,0,0,0.707,0,0.707,1250
7,E,9,spinosad,high,0,0,0,0,0,0,0.707,0,0.707,1250
11,B,9,spinosad,high,0,0,0,0,0,0,0.707,0,0.707,1250
14,F,9,spinosad,high,0,0,0,1,0,1,1.225,1,1.225,1250
16,D,9,spinosad,high,0,0,0,0,0,0,0.707,0,0.707,1250
19,F,9,spinosad,high,0,0,0,0,0,0,0.707,0,0.707,1250
21,E,9,spinosad,high,2,2,0,0,0,4,2.121,0,0.707,1250
24,C,9,spinosad,high,0,0,0,0,0,0,0.707,0,0.707,1250
1,D,10,isocycloseram,none,0,0,0,0,0,0,0.707,0,0.707,12200
3,D,10,isocycloseram,none,0,0,0,0,0,0,0.707,0,0.707,12200
4,F,10,isocycloseram,none,0,0,0,0,0,0,0.707,0,0.707,12200
5,E,10,isocycloseram,none,0,0,0,0,0,0,0.707,0,0.707,12200
8,D,10,isocycloseram,none,0,0,1,2,0,3,1.871,3,1.871,12200
15,B,10,isocycloseram,none,0,1,0,0,0,1,1.225,0,0.707,12200
9,A,11,isocycloseram,medium,0,0,0,0,0,0,0.707,0,0.707,12200
10,A,11,isocycloseram,medium,0,0,0,0,1,1,1.225,1,1.225,12200
12,C,11,isocycloseram,medium,0,0,0,0,0,0,0.707,0,0.707,12200
13,C,11,isocycloseram,medium,0,0,0,0,0,0,0.707,0,0.707,12200
17,F,11,isocycloseram,medium,1,0,0,0,0,1,1.225,0,0.707,12200
18,E,11,isocycloseram,medium,0,0,0,0,1,1,1.225,1,1.225,12200
20,A,11,isocycloseram,medium,0,0,0,0,0,0,0.707,0,0.707,12200
23,F,11,isocycloseram,medium,0,0,0,0,0,0,0.707,0,0.707,12200
2,A,12,isocycloseram,high,0,0,0,1,0,1,1.225,1,1.225,12200
7,B,12,isocycloseram,high,0,0,1,1,0,2,1.581,2,1.581,12200
11,E,12,isocycloseram,high,0,0,0,0,0,0,0.707,0,0.707,12200
14,B,12,isocycloseram,high,0,0,0,0,1,1,1.225,1,1.225,12200
16,E,12,isocycloseram,high,0,1,3,4,0,8,2.915,7,2.739,12200
19,B,12,isocycloseram,high,0,1,3,0,0,4,2.121,3,1.871,12200
21,F,12,isocycloseram,high,0,0,0,1,0,1,1.225,1,1.225,12200
24,F,12,isocycloseram,high,1,0,0,1,0,2,1.581,1,1.225,12200
1,E,13,novaluron,none,0,1,1,0,0,2,1.581,1,1.225,9200
3,A,13,novaluron,none,0,0,0,0,0,0,0.707,0,0.707,9200
4,A,13,novaluron,none,1,0,1,0,0,2,1.581,1,1.225,9200
5,F,13,novaluron,none,0,0,3,3,2,8,2.915,8,2.915,9200
8,A,13,novaluron,none,0,0,7,0,0,7,2.739,7,2.739,9200
15,A,13,novaluron,none,0,0,3,3,0,6,2.55,6,2.55,9200
9,B,14,novaluron,medium,0,1,6,1,0,8,2.915,7,2.739,9200
10,D,14,novaluron,medium,0,0,0,1,0,1,1.225,1,1.225,9200
12,E,14,novaluron,medium,0,0,3,1,0,4,2.121,4,2.121,9200
13,E,14,novaluron,medium,0,0,1,0,1,2,1.581,2,1.581,9200
17,D,14,novaluron,medium,0,0,2,2,0,4,2.121,4,2.121,9200
18,A,14,novaluron,medium,0,0,0,0,0,0,0.707,0,0.707,9200
20,D,14,novaluron,medium,0,0,3,3,3,9,3.082,9,3.082,9200
23,B,14,novaluron,medium,1,0,2,1,1,5,2.345,4,2.121,9200
2,D,15,novaluron,high,0,0,1,5,0,6,2.55,6,2.55,9200
7,F,15,novaluron,high,2,0,0,0,0,2,1.581,0,0.707,9200
11,C,15,novaluron,high,0,0,1,2,0,3,1.871,3,1.871,9200
14,D,15,novaluron,high,0,0,0,3,0,3,1.871,3,1.871,9200
16,C,15,novaluron,high,0,0,4,2,0,6,2.55,6,2.55,9200
19,A,15,novaluron,high,0,1,3,0,0,4,2.121,3,1.871,9200
21,A,15,novaluron,high,0,0,2,3,0,5,2.345,5,2.345,9200
24,B,15,novaluron,high,0,0,3,2,0,5,2.345,5,2.345,9200
1,C,16,tetraniliprole,none,0,0,0,1,1,2,1.581,2,1.581,224
3,E,16,tetraniliprole,none,0,0,0,0,0,0,0.707,0,0.707,224
4,C,16,tetraniliprole,none,0,0,0,1,0,1,1.225,1,1.225,224
5,B,16,tetraniliprole,none,0,0,3,0,0,3,1.871,3,1.871,224
8,C,16,tetraniliprole,none,0,0,3,0,0,3,1.871,3,1.871,224
15,E,16,tetraniliprole,none,0,0,1,4,7,12,3.536,12,3.536,224
9,F,17,tetraniliprole,medium,0,1,0,1,0,2,1.581,1,1.225,224
10,C,17,tetraniliprole,medium,0,0,1,3,1,5,2.345,5,2.345,224
12,D,17,tetraniliprole,medium,0,0,0,5,1,6,2.55,6,2.55,224
13,A,17,tetraniliprole,medium,0,0,0,0,2,2,1.581,2,1.581,224
17,E,17,tetraniliprole,medium,0,0,0,0,0,0,0.707,0,0.707,224
18,D,17,tetraniliprole,medium,0,0,0,1,2,3,1.871,3,1.871,224
20,B,17,tetraniliprole,medium,0,0,2,1,0,3,1.871,3,1.871,224
23,C,17,tetraniliprole,medium,0,0,0,3,5,8,2.915,8,2.915,224
2,E,18,tetraniliprole,high,0,0,2,3,0,5,2.345,5,2.345,224
7,D,18,tetraniliprole,high,0,0,2,0,0,2,1.581,2,1.581,224
11,F,18,tetraniliprole,high,0,0,1,0,1,2,1.581,2,1.581,224
14,C,18,tetraniliprole,high,0,0,0,1,0,1,1.225,1,1.225,224
16,A,18,tetraniliprole,high,0,0,0,0,0,0,0.707,0,0.707,224
19,D,18,tetraniliprole,high,0,0,2,4,0,6,2.55,6,2.55,224
21,B,18,tetraniliprole,high,0,0,1,5,3,9,3.082,9,3.082,224
24,D,18,tetraniliprole,high,0,0,0,5,1,6,2.55,6,2.55,224
